-0.967398856751341, 0.0534899584266777, -0.52344009164881, 0.375722780533006, -0.0350186866871168, -0.793657623135325, -0.850940398802487, 0.146637256791181, -0.281809262596913, 0.958868258613566, -0.552687173500977, 0.350951960939426, 0.841828714051204, 0.968726405859332, -0.405423095172934, 0.676267205586781, -0.697540029742541, 0.115121225414389, -0.901675079903414, -0.761777438112431
-0.514226458740526, 0.539827672550375, 0.941268263357351, -0.668051667356888, -0.568350082062348, -0.747849321806733, 0.900208063377164, 0.511161670792458, 0.104970044970964, 0.487622414476994, 0.302264164808329, -0.0340994405718983, 0.369513073642511, -0.992842851203327, 0.809864942827199, 0.448503976430979, -0.85490997873941, -0.147601248299517, -0.101789775817557, 0.179273416837339
-0.725536846427963, -0.199542755819644, 0.804416146969616, -0.119790944792233, 0.90050474829064, -0.00911186682484666, -0.894941475193455, -0.896122362416295, 0.158859988282835, 0.806732680558568, 0.0213719424891154, -0.0361283538099976, 0.306260664624283, 0.654782270851909, 0.819285915149043, -0.643584980463416, -0.784303435955338, 0.659878087071645, 0.972934225561532, 0.157269694449971
0.608353508453981, 0.783058904010364, 0.701839573542513, 0.760150472521852, 0.84025650743407, 0.520950456858124, 0.0431267596050755, -0.684385742845193, -0.09484830829075, 0.967191476359587, 0.942931419211874, -0.390088633350138, -0.485469035564675, -0.337041848961749, 0.747957936370726, -0.556068915667044, 0.294414763941623, -0.211223246162396, 0.415818189930086, 0.0597984385955139
-0.686641821491831, -0.433370507989717, -0.466668501247963, 0.658402186659352, -0.704679970491994, 0.969503330052599, -0.647578687242967, 0.999987142160529, 0.37477486924025, 0.33376066914469, -0.439915973432323, 0.42417451991894, 0.0648819455247753, -0.623597916040382, -0.00371214701035627, -0.00294903526219958, -0.272803406823801, -0.511346026096188, -0.578234161053893, 0.19009051341102
-0.198111211507633, -0.295083305470219, 0.0795206814443323, -0.339325740625768, 0.76212433900783, 0.870007973103788, -0.519875255189778, -0.591342778686128, -0.800719872955568, -0.00548296189190955, 0.0922137559820961, -0.63488842529938, -0.824712743901048, -0.12700600602059, 0.152399096243269, -0.757482432647367, -0.423460959188389, -0.347973073529067, -0.0522120450866465, -0.2761663176474
-0.740419106437089, 0.615449040017765, -0.249586047255241, -0.542063657912455, 0.282161192634218, 0.368890033740965, 0.595596103740668, 0.779911288889084, 0.0616159760680124, -0.67206399313736, 0.438537152222608, 0.243645642531871, -0.47900611510454, 0.91727392371617, -0.674486513097997, -0.723523092327417, -0.337228359345919, 0.458720136181787, 0.730362423570064, -0.391429092451664
-0.782382395948461, 0.838052947930085, 0.520497472733491, 0.786744829167959, -0.136093163460536, -0.233623337575059, 0.465308823373778, -0.749063048394892, 0.514587664750678, 0.660023667691287, -0.773438890359103, -0.918271394408434, 0.75476785551513, 0.837860776035982, -0.452177662147292, -0.279114790856426, -0.817702840928781, 0.277308293281732, -0.812160978937597, 0.777446650796312
0.997849036007118, -0.860489447536175, 0.0250707282801488, -0.299279642896391, 0.239192967880141, 0.499541764845858, 0.313127305970121, 0.995597998609579, -0.391409700453006, 0.777897500329603, -0.0570331416358394, -0.17203252072075, 0.372249855367583, 0.529742870260842, 0.729157920800689, -0.350385999935859, -0.145344558705271, 0.969689254634869, -0.80088140713092, -0.0468306900220135
-0.563486189378186, 0.898654150729372, 0.335447521570813, 0.373339816636098, -0.437881175166872, -0.262672916642704, 0.934810277044219, -0.891884844699821, 0.984456922851716, -0.846010638329205, 0.185079837769773, 0.391967582233235, -0.812519527884442, 0.398150806034985, -0.0152023560438316, 0.863790587458662, 0.868989293402522, -0.323514145483968, -0.234208134577707, -0.660359464427624
0.0258647888087968, 0.0519907004442022, 0.0632128683213204, 0.912936505821038, 0.572004196034746, -0.411679275991246, 0.278916691094133, 0.741079729861151, 0.153942225106965, 0.299413972208004, 0.888636192255018, 0.34787299267383, -0.777448736027558, -0.757713676317462, -0.0726756980049776, 0.816969308916931, 0.167140596158402, 0.795120532529019, -0.396473796757159, 0.219458229476334
0.678224469385214, -0.827888304287516, -0.921439313293174, 0.177280266386122, -0.385084252518175, -0.535476922772581, 0.519469683766118, -0.855342401124231, 0.755227556338174, -0.503911763198633, -0.0981648839535959, 0.275280305778273, -0.276798184624313, 0.371571583380723, 0.697884325728698, 0.244190904891207, -0.469077354049812, -0.727850776038995, 0.314239818283468, 0.051494231005895
0.225279665191322, -0.615572308011154, -0.124724806810135, 0.314608079062127, -0.105932841592437, 0.168977001294949, -0.813039045693837, -0.991676782253979, 0.495618592712851, 0.258959406641759, -0.327297748684556, -0.305768253889758, 0.153381031543659, -0.232336121253826, -0.00804520724715907, 0.673655529354539, 0.317493268902178, -0.178424124223378, 0.618190617122776, 0.237850760686142
-0.407936764605314, 0.32645385401624, 0.863670112501676, 0.717352651859332, -0.547786749688809, -0.511174528631929, -0.730195176662037, 0.846138254667697, 0.25781986269067, -0.541726040440484, 0.695368871882264, -0.630755064837055, 0.186422910162445, 0.548546989238144, -0.417893428084391, 0.636255223134651, 0.523555615694987, -0.989182903426319, -0.736595710616836, 0.192392454106543
0.275104535406038, 0.780465205097788, 0.861619590717191, -0.120880161002688, -0.624933780927646, -0.695220416269833, 0.0404201396929194, 0.187784358480845, -0.929158186507019, 0.40123992944194, -0.130973408525332, 0.218211724058823, 0.333113182025549, 0.886102548747371, -0.639157523233051, -0.00785115966938954, -0.0251462697168562, 0.566563987902628, -0.896983427878927, -0.532687579995341
0.0485743801335685, -0.302214129502985, 0.44190468613147, 0.847939577814163, -0.447530655864408, 0.464297031734277, -0.84353571657256, -0.639255468565624, 0.495605733942057, -0.366265725049314, -0.993537080471188, 0.254315772677919, -0.422444449468723, 0.83254582427095, 0.368356877643781, -0.33005661858714, -0.685455766360022, 0.548772469884144, -0.893155408973412, 0.659616599632249
-0.012834026018546, -0.871657358422716, -0.431413193899865, -0.203126666696336, 0.112887510616746, -0.749050190555421, -0.860187204489572, -0.673737001453404, 0.666477084004542, -0.342445913396052, -0.310114090009646, 0.461458691145041, 0.551534485794387, 0.723834245337096, 0.455100566826342, -0.211345680622079, 0.766073183047619, -0.412643862614708, -0.0845687832145806, -0.859819591911426
0.945550047767139, -0.959953902270623, 0.477068629803634, 0.629533792673393, -0.166997438840101, 0.586940776364385, -0.590689827497438, -0.21661953870981, 0.850753102382064, -0.53714409542137, 0.196962599268631, -0.343251123718569, -0.423241176373903, -0.592903567288492, -0.721883600448204, 0.317662327232613, 0.251330638887049, -0.770664372374613, 0.561736708302859, -0.8023251573566
-0.414966431173946, -0.0845965254514462, 0.279957633130233, 0.368437050547654, -0.660785827627771, -0.671796132657582, -0.0771590532162968, 0.826053354808154, 0.746542685547165, -0.851678060298636, 0.666486588151421, 0.480876882318816, -0.340715842945835, 0.587313678854757, 0.20621765274844, 0.217765719265568, 0.035429442783552, 0.731069628955363, 0.38415288430832, 0.847455621625975
0.54271539558783, -0.87380832334692, -0.291902640504717, 0.821944061583813, 0.813607867720354, 0.490142778256043, 0.639354560356287, 0.63939030544804, 0.662075081682799, 0.266144387082264, -0.532216590611365, -0.595574451422121, -0.620498035857686, 0.0960840997733567, -0.015156563844139, -0.482187760752713, -0.584312817819562, 0.442011578680021, -0.114879529511034, -0.6607009981110230.56452454326885, 0.371972729159506, -0.624767175700873, 0.657914614145604, 0.314401818120108, 0.193798014518711, -0.505934921794541, -0.122876404376177, 0.523224889078748, 0.353107927997181, -0.689327237982921, -0.746661514857161, -0.930567289670262, 0.808374271638866, 0.17402240968031, 0.359807509630829, -0.853528683005613, -0.618032903232627, -0.807191759258132, 0.308057268759262
0.438923609181737, 0.619570592241162, 0.23791666759081, 0.351308117318576, 0.990599892097805, 0.29120296579376, -0.186466851824181, 0.701172891865099, 0.927009504254446, 0.192681017887164, -0.414221774513936, -0.544896231752306, -0.1363129742147, -0.374120571359117, -0.662325666128809, 0.290267929104282, 0.0287643610633743, -0.0327032986249325, 0.57528475186568, -0.352033510502443
-0.599295282549828, 0.395696446018152, 0.400602272432578, 0.808340066023329, 0.87170348403589, 0.0771130328425733, -0.965086793510749, 0.905324503735325, -0.336308411013479, -0.882279013228733, 0.76440851658788, 0.893849332767469, 0.62780734041138, 0.504957406551092, 0.169170337342271, -0.113322282728423, 0.779625444570382, 0.846761519949307, 0.892870436372641, 0.200984310918015
-0.19762469697633, -0.376099055342422, 0.135662171587191, -0.617776724331908, -0.3509171657967, -0.703316124017963, 0.435193498355892, 0.897821648930116, -0.195242450197806, 0.12174353707663, -0.26794411487316, -0.972267486142119, 0.506765356989002, -0.404133546819973, -0.0472906655852173, -0.461955278861316, 0.22282186952551, -0.913210575428424, -0.797039353194199, -0.74004802468235
-0.368683937643042, 0.291778087286175, -0.997749040833558, -0.210957415965832, 0.748618763754432, 0.158043010699583, 0.147442363736891, 0.798172255884005, 0.121569023989872, 0.12723487574944, 0.798862564283825, -0.678351154401131, -0.287233951169641, 0.618741354727532, 0.631097989916381, 0.406372494719165, 0.0620655236123435, -0.831178009431426, -0.45020692304252, -0.837469929753556
-0.131982862545169, -0.987990454765032, -0.988581716077673, 0.412133464315968, 0.178313369480108, -0.934073206937906, 0.625894026656586, 0.534027340604937, 0.108896325858727, -0.514748322551487, 0.495275518621912, -0.760021357685337, 0.995939790269332, -0.621872774149232, 0.852135085431922, -0.334215907069955, 0.642661567610997, -0.51028339169467, -0.521358444132543, -0.244005700221288
-0.538008097344082, 0.0659196744979917, -0.389522366872766, 0.73784800047886, 0.275541937572668, 0.401820697543128, 0.165364502540494, -0.332861535871803, 0.244333221225223, -0.962178490107031, -0.0483887377420388, -0.0763044325058835, -0.92866712339626, 0.182221199005014, 0.0530451047481248, -0.570952017591778, 0.917913774921519, 0.422709743223484, 0.619485547588899, -0.72608779451162
-0.228503529554467, 0.687819263752466, -0.476859356964407, 0.0947941891359139, 0.518647181577351, 0.0363013395277323, -0.106514956386068, 0.0734849884516955, -0.617944663212609, -0.31231724066302, -0.4540257572448, 0.297090248808772, 0.0470967502552535, -0.893121202426553, 0.16450028641359, 0.518416849672057, 0.473493912012081, 0.222482364262679, -0.809914504089353, 0.319755219537651
0.0656919800982307, 0.236893552931442, 0.310736213489778, 0.477918765264525, 0.550842930353639, 0.665218186408849, -0.0452771545598643, -0.561727884952784, -0.0440782406572617, -0.981853129333748, 0.893280984784142, 0.830441174018402, -0.598106251842392, -0.797091691660272, 0.458795400084367, -0.483776654807747, -0.312081110343375, -0.8142831976592, 0.493460658701817, -0.771081937370394
-0.69055247664943, 0.285385054203395, 0.715110424773353, 0.864969195735161, 0.589820303763179, 0.0300981621398115, 0.990329695861009, -0.0448975381650485, -0.279789768755338, 0.84738452632324, -0.755348372159222, -0.798286043944902, 0.323583157418102, -0.685449813346122, -0.549528877041083, 0.367147994864335, -0.280115522109026, 0.923130347357658, -0.445572703818592, 0.761366348602514
0.110795472334509, 0.0370297501967427, -0.637677573430202, -0.533762227526755, -0.474430849530935, -0.774704119085662, -0.882553513107148, 0.899640652304348, 0.307759835993759, 0.202853488364654, 0.731358037205114, 0.228453410430091, 0.399574323277722, -0.511702774796497, -0.4716562430708, -0.967645048148765, -0.912169391248454, 0.734938138041151, -0.653398739943932, 0.164899256622838
-0.970841312767398, -0.198581904731031, -0.317291058282038, 0.853151589563653, 0.208757543567921, -0.0203799964023661, -0.851479140041153, -0.0676628067473242, 0.833045354966561, 0.541371760676322, 0.246388912781323, -0.858886064895841, -0.344767766699552, -0.727658980399211, 0.26716967079191, 0.690245755803886, -0.952273601643869, -0.66781187973349, 0.87542775546919, -0.578273695697204
-0.239570652711937, -0.27569133754619, 0.334681017014515, 0.102885862394648, -0.058871579849567, 0.0206980533062937, 0.281532661654769, 0.768635610010771, -0.578616877821561, 0.774394029646364, 0.437332645727942, -0.212507818458838, 0.778686925665795, 0.178237212439178, 0.0763505515998, 0.704822328735526, -0.989847593936067, -0.0481052925102903, 0.521723998487799, 0.336651099536871
-0.235665707493045, 0.437734467646915, 0.75801887258795, 0.866840044905823, -0.666090784438928, -0.903000635981094, 0.194559520666748, 0.934553858793598, 0.213084338797761, 0.866545078282498, 0.849079023976381, -0.00713807391335164, 0.293423655113868, -0.883895434385117, -0.966698837451031, 0.201525289193506, -0.0254916739768776, 0.51456358168021, -0.806637220925948, 0.0577696929954783
-0.389183987578928, 0.603793399223962, 0.30660988637554, -0.0111862397804792, 0.590980820167335, 0.628702837800934, -0.554795264059117, -0.632469309322754, 0.730867002965355, -0.653870690452806, -0.63186755107337, -0.126830179769001, -0.317035251910349, 0.779106376589791, 0.863036123971937, -0.357044910712654, -0.414228880505184, 0.55500998979202, 0.962217180040766, -0.375313048891403
0.474815461540043, 0.355624724810768, -0.373540896630632, 0.105136821561091, 0.730171005115924, -0.230683183870596, -0.560424328576971, -0.0839220271836603, -0.780444622868879, -0.104036947295087, -0.43543247945394, -0.413645254175014, -0.899664229666658, 0.89100326220086, -0.304908094603991, 0.335920317720585, 0.416524900783098, -0.986039769829269, 0.690545989056372, 0.886444176494351
-0.47911031613085, -0.694248395829577, 0.770028417822918, 0.878258329759472, 0.74604267987704, 0.275312733499013, 0.260486313728842, 0.560447884518862, -0.252888320597302, -0.024558596790097, -0.665669298575106, -0.511862556222762, 0.533402297428531, -0.887955645047108, -0.588571611600263, 0.0536603736941053, 0.640292418953168, 0.157225148359884, -0.316920612620618, 0.536411248862935
0.299317928636129, -0.934214699051443, -0.627470440057791, 0.599291393346755, 0.328828819714873, -0.09575522555772, 0.847025434415334, 0.532895194149062, -0.60199453383777, 0.59046253170374, -0.594046041180401, 0.824781083420283, 0.606660315583768, 0.850439253193531, 0.0452573220456285, 0.696000194966793, 0.0148191028343603, 0.472923763782216, 0.384926922332927, -0.755827501302505
0.10463279164612, -0.872878805675022, -0.685721633809489, 0.628277464596684, -0.175034806679485, -0.712036003224569, 0.475877010950761, 0.809563016430271, 0.293040366514139, 0.278018389492304, 0.252250279883039, 0.132328988580186, 0.397426019142115, -0.0618999884752091, -0.198029297030545, -0.499579395865826, -0.0650582504761676, 0.487454142182811, -0.0869716476122717, -0.923470328526325
0.839181784465528, 0.371443584268654, 0.00692196982303717, 0.188994542317928, 0.223961444210243, -0.17384433707867, -0.0742955007936319, -0.484829270972325, 0.185383794449914, 0.931363162552641, -0.647522427908854, -0.618581572369943, 0.36384347051561, -0.486061896889499, -0.385663302329212, -0.487544227152851, -0.843484235854579, 0.845144038016509, -0.131203809348496, 0.02987190663342920.855731560781473, 0.698543217824094, -0.374020907736393, 0.347992130251598, -0.348577104205534, -0.507857588821956, 0.919432791843746, -0.0855206796366352, 0.758025172053848, -0.373625991574314, -0.182043895675821, 0.857355379433071, 0.275612477807148, -0.703539496149653, -0.505664252445877, 0.57646269890315, -0.550713487691578, 0.751863969374385, 0.574393709923324, -0.50407537515465
-0.780950831147354, 0.662923537037765, -0.788847396051906, 0.258718631816431, 0.73887957154721, 0.153442055524067, 0.550115112937109, 0.280735558495268, 0.97328736445554, -0.208631597090807, -0.0801269733720119, -0.820690023629316, -0.13425356481888, 0.850757398573103, -0.279671430252339, -0.646687137729808, 0.0834860434213123, 0.0296976114761538, 0.0354444668793326, -0.612871898157928
-0.224007734667513, 0.428863310920477, 0.77686570388119, 0.665109326907019, 0.215200669698045, -0.397662282640889, -0.774071430682238, 0.434183157716963, 0.0425215731572925, -0.0886192159208559, 0.20365378689191, 0.641851285305736, -0.982862770549423, 0.351388785686059, 0.834789470692533, -0.349645808036274, 0.794110650100797, 0.943636349376122, 0.848208190802582, -0.936787287675211
0.192382659387022, 0.27040784120113, -0.795533468851602, 0.625993746158664, -0.791651638127701, -0.747840173425078, 0.722530023065642, -0.079865091983166, -0.431440135199316, 0.0646837870891597, 0.671065146881652, 0.936789407365392, 0.992083093147764, 0.740105375526522, 0.255759717550017, -0.331968446882427, 0.688226035650925, 0.307519404826462, -0.145409405764849, -0.775686872087273
0.276818861848125, 0.0322771356591383, -0.0404457193987657, 0.546601892237832, 0.611577959550348, 0.498886320506635, -0.585486661449767, 0.0822791806805316, -0.639727313835047, 0.490016532824382, 0.126653486456095, 0.0175977735862125, -0.272545032795772, -0.448232083324451, -0.265763068229781, 0.275812407618301, -0.529129815999945, 0.28902441043827, 0.568284433134033, 0.454551445997577
0.400679217372406, 0.249316317611056, -0.459358993665948, -0.943094924065794, 0.499437818070612, -0.0396889974547965, 0.988391945133168, -0.988313616247994, -0.281506646089957, 0.940084172384853, -0.595535326560743, -0.99054697434909, 0.850839040172677, 0.0954456818734508, 0.230982009894672, -0.635994291694832, -0.165652803688148, 0.969959277645666, -0.722310081926319, 0.231788925468823
0.0788268358813724, 0.00480253482461102, -0.600552318431694, 0.180814223913855, -0.202449035459407, -0.0282684774269669, 0.0722291455940478, -0.462631544779349, -0.122019121014522, 0.917506905234189, 0.606453369188334, -0.623503879468657, -0.801429760549883, -0.689596268203853, 0.0347814592694777, -0.512944625463777, 0.478933474737654, 0.597411772048758, 0.41059988616528, -0.576428185019841
-0.186769890220263, 0.157625034059223, -0.424527202464886, 0.235164370031638, -0.266407334835458, -0.615028408176745, 0.335816641960208, -0.616739379994915, 0.70756901041957, -0.822943393989905, 0.345120330036208, -0.425621076219539, -0.470752330250457, 0.657243109148575, -0.24240167962499, -0.95084900965488, -0.0462999944790732, -0.220666781636266, -0.534869893237422, 0.356321986464933
0.644851716069901, 0.343681530721337, 0.315286090278666, 0.527527661774088, -0.211522499663533, 0.717731969299601, -0.0683304560688932, 0.386740575258965, 0.366196658167148, -0.958983295578036, -0.857355985724067, 0.255035646844206, 0.602047754266322, -0.554044053682147, 0.0036706686968313, -0.723772536834596, -0.815012524749624, 0.0310636651846876, 0.194227020812327, 0.879298612419189
0.155356507355048, -0.94104755294558, 0.89400192997139, 0.548864812380106, -0.455621399663212, -0.733223983893741, 0.657092639085414, -0.111805333342313, 0.572373484062205, -0.893853336523219, 0.925102212431423, -0.476228155883135, -0.417886007306113, -0.774177580966697, 0.388182125700723, -0.164673133364261, -0.0731159779583644, -0.355097540353936, -0.984239832490794, 0.576530507568517
0.843102016413166, 0.511890996020236, -0.556164922917339, -0.431421437967299, 0.19928890056875, -0.413657046581459, 0.784647605281625, -0.527280440333896, -0.227402696957534, 0.795766224058236, -0.0496722520560363, 0.497356732141858, -0.627942922351855, -0.0946376850337897, -0.964004645107316, -0.575462671730417, 0.882485774290974, 0.273312694986031, 0.63820324448785, 0.443080003113989
-0.556548489982518, 0.199413090571488, 0.0138293081027592, -0.846493246893628, -0.863530370343258, -0.630845135837256, 0.423811955109151, 0.306173366171389, -0.719324021469487, 0.799041877407134, -0.230981977298382, -0.927008249762937, 0.45940313276807, 0.721568424125001, 0.300131172547178, -0.22943678834915, 0.761450175084849, 0.480350177493109, -0.0539090107446113, 0.453692321411191
0.578487439816113, -0.721998384092934, 0.556925467009156, 0.7600174163282, 0.803097232153219, -0.994344412346531, -0.189465306321841, -0.561690221336526, -0.146890957442527, -0.920565972067679, -0.283529384659384, 0.443644871676175, -0.238576030935429, 0.0915688551457454, 0.238939523342503, 0.5556554363834, 0.28019688524315, 0.728388503998699, 0.0454577789853596, -0.388025026483473
-0.25159832334686, -0.712116739578599, 0.872698388934461, -0.654555735017432, -0.135601773455554, 0.801543623116586, -0.613014678290586, -0.301351871016133, -0.793219540171893, -0.161712203715794, 0.861708532023108, -0.298989480966232, -0.986091637977442, -0.0775004555832131, 0.387384140578743, -0.740673201037884, -0.4671600337453, 0.067423344155505, 0.581839593863971, 0.291288192985248
-0.236224696615815, -0.608204250041491, -0.715762851627433, -0.642026714813908, 0.762463375815406, -0.422496773033634, 0.675971781684073, 0.0287033883057084, 0.200810886547347, -0.632398258723504, 0.8337018107221, 0.744056897118714, 0.396192539202139, 0.713651516341442, 0.0402365471423773, -0.973677071730456, -0.570518272728901, 0.168576213144034, -0.746389606849472, -0.691717085284981
-0.805018850511414, 0.554820478686514, -0.410797398263029, -0.280428304001888, 0.349699123459728, 0.617233547203817, -0.690578986746529, -0.14717688185497, 0.935388223238004, -0.560293285902726, -0.793512852766324, -0.429701642799052, 0.779021742650783, 0.819023822349973, 0.790707440018052, -0.710107632777704, -0.443990708069872, -0.800741312932568, -0.665517811507693, -0.819740594280763
0.615918517865203, 0.688562477793806, 0.122014705614194, -0.11391472868338, -0.0786966975213479, 0.300981440255875, 0.347296324254617, -0.312959925882965, -0.781533156419887, 0.556781151125571, 0.801792703476638, 0.105475192473026, -0.976638611395209, -0.226661416341859, -0.517170178479129, 0.490308808856788, -0.103154325440132, 0.901770541398679, 0.551798870578315, 0.568978111058929
-0.225354916055386, 0.470622585839882, 0.289039683197178, -0.242579033245602, -0.0567224002707388, 0.375054191506959, -0.352296695742894, -0.899067467031566, 0.738179341767998, 0.245582620261974, 0.751208715024967, 0.350510265375725, 0.772688659733482, 0.912221755791559, 0.350640279869847, 0.0611043875390218, -0.0834628972613546, -0.352490313049634, 0.851022165199286, 0.718882800880299
0.494554248403084, -0.631949412465072, 0.746827636727517, 0.295044494464549, -0.415136507439956, -0.649173788562964, -0.305607394923273, -0.811360240826085, -0.681351156756911, -0.852724276414478, -0.61645624675623, 0.915418688168478, -0.646599334500078, -0.651728508831807, 0.447950548235304, 0.0474906885286284, -0.394839717724752, 0.152958692588359, 0.113815406856041, -0.354610487518185
0.86836228047887, 0.333414192932385, -0.534303764595792, -0.798628638404714, -0.551169036678583, -0.91054106033898, 0.065028292622896, 0.618709618048142, 0.605207418839078, -0.0770221916386029, 0.842809408829924, 0.248119206748958, 0.278397035448997, -0.624613662075537, -0.0712142312299526, -0.506020523377704, 0.173073137725272, -0.913241984282267, -0.41713746516832, -0.236794869060067-0.465731248010756, -0.487022963113628, -0.24025114310917, 0.600258799083651, 0.267044338987695, 0.0536539801646276, -0.926967916044857, -0.476233237179105, 0.585132386342218, -0.781826001490385, -0.287676077004371, 0.452288454143465, 0.813015015708755, -0.483486257252975, 0.519542529023971, 0.14842741244865, -0.129568380829677, -0.570405223206806, -0.464785409842052, 0.664449618041725
-0.130520120789539, 0.538242727303059, 0.877926697897691, -0.218223917865299, -0.437235882243717, -0.209367964979898, 0.0791678554747104, 0.886162898450234, 0.723517443856, -0.752061062376975, -0.0396132744101869, 0.493270477975379, -0.441644964479676, -0.0231000543679577, 0.21871150621153, 0.525742505456201, 0.935736155107495, -0.993537906554312, 0.724293409718337, 0.300842204736938
-0.371913673995023, -0.711064073122602, -0.31935879090771, 0.432398942034877, -0.278172110802574, 0.978965605599324, -0.341316683842482, -0.826807572425719, 0.226091511187186, -0.907269623087379, -0.714222438500366, -0.0586519264889191, -0.968601520158631, 0.545411860358628, -0.669969645175137, -0.75502181786812, 0.158987727555906, -0.761242474318129, -0.486833165160768, -0.699802311928851
0.146243726437093, 0.128503481451656, 0.01523425849864, 0.0947199273364245, 0.479588047358947, 0.0665051876876992, -0.140773394676285, -0.415585179541067, -0.114422775392617, -0.432165984731245, -0.341382942787084, -0.576791424107175, 0.218358899102713, -0.895979358766218, -0.976509406220405, -0.0325152627343849, -0.817371540617836, -0.707729282652833, -0.165021224489911, 0.568589065023041
-0.839231927804291, 0.601549194940156, -0.919825869575062, 0.480900999848219, 0.0761107462812731, -0.121585399434709, -0.958583883921888, 0.49846011376868, 0.137507961661326, -0.899473450099804, 0.998482364229151, 0.926184210891921, 0.638748063537641, -0.64209657238894, 0.160096776280597, -0.838409462868427, -0.236475690843759, 0.80678714523408, 0.336937155265797, -0.179977458519851
-0.0636307592800031, -0.176897642750711, 0.850636967388278, -0.106247978800092, -0.501475932775753, 0.435556952578741, -0.17253634015682, -0.0518748774434789, 0.0924438075592946, -0.958272167462051, 0.512285775277897, -0.470894902698181, 0.277374107054143, -0.902348374902433, 0.687787265371432, -0.970386209883907, 0.356702946758225, -0.679730620086068, 0.873507053532408, -0.79133812980323
0.326503132156331, 0.198581372014518, 0.136152010008763, -0.250050873146416, 0.293680949739032, 0.159530525635709, 0.126322126540505, 0.721173625309567, 0.0644366634378379, -0.0410898518939921, -0.896629696663762, -0.468363340696489, -0.27577066667181, 0.69000990394969, -0.54637713057286, -0.574709875311102, 0.85272872906771, 0.315043434181737, 0.296333497993803, -0.763747178839402
0.729746183254638, -0.103355412885247, -0.754671922770642, 0.116395157350411, -0.587440267944448, -0.183165866501241, 0.897416398812745, 0.609281396311373, 0.987055432045392, -0.219422178910776, 0.984703124493688, 0.451541750436435, -0.239131077769739, 0.251192683936652, 0.630587143651483, -0.925187324138911, 0.6889640901652, 0.294899460531259, -0.0208053090706493, 0.695905825912909
-0.344747958399704, 0.780840602601338, -0.864784340311207, 0.681608233452592, 0.473801618196909, -0.971699690433079, 0.746193130382427, 0.0167387663464709, -0.881673370432888, 0.117047414703782, -0.540032387496919, 0.181298785461718, 0.482259881441602, -0.246738305895933, 0.577180835221513, -0.461521269502827, 0.244428069910234, -0.144595896426866, 0.65913739598316, 0.969854780458778
0.971892645569468, -0.375018750957688, -0.325699018931808, -0.865075490374619, -0.99558156076613, 0.497883940813078, -0.490187195823615, 0.27049216128443, -0.939869764232947, 0.247402678824683, 0.157404946702255, -0.372879826171733, 0.0106775886428905, 0.260702289296641, -0.664703104488879, -0.356035565657558, -0.225978319172737, 0.968403293736467, 0.832500896338607, -0.407119332536645
-0.507048685805429, -0.92896140829146, -0.775589298352408, 0.407141357384222, 0.529849319499847, -0.10953067387898, 0.435024913137324, 0.193904296119653, -0.135096788934943, 0.206822222660679, -0.0123373498266272, 0.0952259204793842, 3.71965579861744e-05, -0.395550447234675, 0.282376295552764, 0.470294696032207, 0.36766556341558, -0.639807389881372, 0.1599309580214, 0.816217179324579
-0.610104990010199, -0.68489064634074, -0.351807303424835, -0.558642910587901, 0.074060416349238, 0.295344648554616, -0.200152890384268, 0.0897708503016135, -0.357906607611993, -0.297820199885322, -0.321858388987304, 0.893622708457346, -0.0654516653462553, -0.4337232911185, -0.906305422962785, -0.941978740478856, -0.607144518572439, 0.725835722743457, -0.911267828154968, -0.494930629383275
-0.74451459839219, 0.494461128252773, -0.787456291628748, -0.987148793408251, -0.213805478631428, -0.939351942361962, 0.300444839196487, -0.65033998324086, 0.946293134217287, -0.0290798773193173, 0.405343884325281, 0.58750689941808, -0.496051934313053, 0.819057325748288, 0.312196841143163, 0.862675941485295, -0.700235814647859, 0.904139447912639, 0.838962990715617, -0.682825922818308
-0.79775256654143, -0.300875082286482, -0.48665337147501, -0.912217434454811, -0.037751739396598, 0.612297215318446, 0.413990517805326, 0.852587612277171, 0.0380956386393381, -0.567086267083458, 0.0803930270859938, 0.381003481979018, 0.941385270069067, -0.364151967393305, -0.172211845019931, 0.800325050857069, 0.612643746478783, 0.519180337674534, 0.398688483703271, -0.670615986767512
0.169995757364666, 0.461353080096353, 0.776696178958144, 0.456591347910739, -0.83121965724566, -0.22506730501776, 0.866352297303431, 0.948997456556651, 0.22650821284694, 0.587757024722061, 0.245975627212774, -0.44776023526106, 0.35775691054657, 0.784635607984213, -0.802284780797681, -0.918488146699261, 0.360340218693176, 0.908464182125621, -0.618997109876479, 0.340048146126814
-0.879082248489876, 0.655229200448482, 0.814092903311408, -0.90697466205199, -0.732904479714532, 0.136758804850634, -0.821140561169544, -0.608923867162747, 0.444753247054644, -0.891571916589314, 0.505870434225477, 0.585989262715908, -0.569867724352455, 0.457805388354606, 0.670100268754223, 0.0227727168345697, -0.538645277516286, -0.33233624293112, 0.645750135018374, 0.65411123244749
-0.83484605319558, 0.635494158433515, 0.336448985774279, 0.938419532933468, 0.856000282734633, -0.889178717457307, -0.150452529615933, -0.319948728810972, 0.986220761195859, 0.525357540475837, 0.122120859623943, -0.106710743674408, -0.529509632629114, 0.913222139660838, -0.0745602199223638, 0.488112316228502, 0.642257536594876, -0.124116715567241, 0.718957863617203, -0.797108934166426
-0.715421306768163, -0.212143787747316, -0.0247224499586608, -0.40725664301182, -0.0812705294607535, -0.93138635621005, 0.0258828220078176, 0.0753195821658335, -0.0523181618434927, -0.347806312771424, -0.795114225612541, -0.3443899309935, 0.889393569850081, -0.49113505961892, 0.887725123152009, -0.464865276340798, 0.785630343382075, 0.761192910262008, 0.696046324305258, -0.363618355879382
0.538148971990752, 0.38497538370312, -0.289262509573839, -0.661646584822632, 0.383490678567202, 0.549318536906186, -0.00430642767078537, -0.711507469281325, 0.0540346424346951, -0.904516485475244, -0.7135517446853, 0.570692386278274, 0.881674026083981, -0.781325690346456, -0.0787070473091244, -0.34664014044527, -0.463832601655197, -0.643372153697243, -0.05935040538169, -0.366694076623159
0.979082625349556, -0.709253800897512, 0.117289587444295, -0.926364807377739, 0.537608515255902, 0.584622900739602, -0.122152220049013, -0.573755599359868, 0.00295952661100762, 0.643684170042949, -0.760831726603597, 0.353256868828673, 0.651789152832604, 0.395482020171118, 0.678701474181703, 0.0652931505186918, -0.819263733839273, -0.87968864658833, -0.425638033740985, 0.862028461816734-0.910017981152059, -0.929972316105837, -0.0649414058145794, 0.461855106736466, -0.198927679657437, -0.600123685598431, 0.524342796543773, -0.164105794003283, -0.969112261184078, 0.542495291467055, -0.810154065401365, 0.789421705431036, 0.181506139776439, 0.190968532669809, 0.463876959618124, -0.827896676877465, 0.346538725004782, -0.100276118656749, -0.322142984402433, -0.278779487721054
-0.47276699145919, -0.924136083537776, 0.356135647444118, 0.305176295947831, 0.471445305958132, -0.489847008832659, 0.381461484069685, 0.458997026765252, 0.879757114630079, 0.0371913607405459, 0.996283718383072, 0.452338097362005, -0.864607967373267, -0.87082485662346, -0.622496693219289, -0.638227627444187, -0.760641046688259, 0.434453461987178, -0.115444331949318, 0.847583381388142
-0.530971097541494, -0.0758699807691714, 0.457276960582136, 0.227614478779777, -0.848750295047066, 0.153105870426216, -0.622626288618253, -0.962888340448443, 0.695046526237878, 0.359576732553345, -0.522253354788876, 0.699711881438136, -0.10832701581918, -0.0225337906845537, -0.587905796984167, -0.14715354663653, -0.751527451794374, 0.631982563823453, -0.402603085805943, 0.845316775071117
-0.592843903970366, -0.734884854282664, 0.42286872557498, 0.980329094445486, -0.429840818713345, 0.54603116286268, -0.484122856279892, -0.964960435389057, 0.918192451781683, -0.68942203544519, -0.683368449883241, 0.133455524748869, 0.305027248014243, 0.987547834398014, 0.931764595178778, -0.905868434303379, 0.693284337266015, 0.0314250080992584, -0.770812148121564, -0.0014447565197222
-0.143382978226702, 0.861306799511102, -0.771567170401834, 0.593576282073546, 0.0599394156876669, -0.798581004048968, -0.101959403186086, -0.591628672364926, 0.425044627592454, -0.782784822295785, 0.131917482769078, 0.229936715788178, 0.759769206754756, -0.851884590392879, -0.523550310881599, -0.386195375298241, 0.0577841629543268, 0.0099120396235548, 0.189775416250236, 0.348257613996164
0.809077049516643, -0.815021451476506, -0.320536277871829, 0.406832493565433, -0.658361317430791, 0.158351025152184, 0.631810722701163, 0.674543562193654, 0.882621839587866, -0.0876750224678196, -0.660503592184048, 0.214853067516747, 0.2401167495363, -0.77914589260665, -0.0997668193186478, 0.655410338964039, -0.282104955651846, 0.131361875278578, 0.966993960536548, 0.145469968740582
-0.938732672454199, 0.28022514995198, 0.102604221134728, 0.355420103927804, -0.799447159189473, -0.0793811600093642, 0.100987773901312, -0.705875660155842, -0.99308384116417, 0.976701234456478, -0.148211506730044, 0.902533971659156, 0.645763534887584, 0.916044617963976, 0.629588945596288, 0.775929015956786, -0.811854641796953, 0.639575823973667, -0.605676687138936, -0.666325863295386
0.0595080885381942, 0.855411551825428, 0.432493537400148, 0.691053317715904, -0.166587925127981, -0.427851278068428, 0.821452202192253, 0.699384312005427, -0.871316834292988, 0.0290497173690469, 0.942094809348739, -0.109842827129105, -0.703528644379009, -0.493447916346345, 0.790249138972838, -0.894046374547317, -0.90293652094106, 0.485603797941284, 0.150405502482506, 0.566826890952339
-0.554541307294062, 0.682079900839403, 0.855246148004777, 0.64731783589689, 0.812252811068787, -0.733799598987121, -0.758332163914262, 0.512528305646278, -0.00918400893415516, 0.566060996412328, -0.504629490666385, -0.263089587568813, 0.565261749348259, -0.683969501258791, 0.290906129074705, -0.896262241479131, 0.103362157523335, -0.73966986767001, 0.112520021904502, -0.366231480318229
-0.305426749077359, 0.991240980099533, 0.693222944481868, 0.790019201016994, 0.686358053091149, 0.727700054518739, 0.377151720867097, 0.386621189949392, -0.332211410315806, 0.464276705619077, 0.0863297484285803, -0.199704415723544, 0.0155495391299714, 0.786636210878676, -0.78242953204663, 0.754197820906619, 0.189558463725056, -0.962024223041732, -0.334587600703625, 0.765856510850534
-0.0784634505763946, 0.819371084598532, -0.335635908569971, -0.766010955798445, -0.711035366035549, -0.201875404083112, -0.607818357463841, -0.197349893486756, 0.0985221048344496, -0.917447907811705, -0.735199559356644, 0.541193621019457, -0.600765498169123, 0.360359267965126, 0.84095900032714, 0.163364375551867, 0.452373294836084, 0.252201684402396, 0.214773347235645, -0.111241675499474
-0.0856587677661603, 0.772061919687345, 0.92527383189894, -0.417623570849012, 0.27410791687393, 0.0672727213554423, -0.358455849512692, 0.0368711012587282, 0.826710197993885, 0.59694873522825, -0.962134199199329, -0.0732436520388553, 0.354683453847972, 0.497536638517648, -0.518125338255486, 0.567614718138992, 0.27546548064587, 0.606868857334772, -0.987756097683569, 0.311625535279338
-0.512189868610441, -0.48152601229098, 0.769086861875414, 0.146154847529789, -0.0084656518923425, 0.199145359545548, 0.887304712965761, -0.231917326912245, -0.873214384481876, 0.344033820249156, -0.876478891762197, -0.203420698271795, -0.532112364439346, 0.922028243505409, -0.65325438867009, -0.868298873243993, 0.551330837212191, -0.722665268798669, -0.90013413964777, -0.349587821098784
-0.127702816914629, -0.711600013874285, 0.588494110660858, 0.691266004783691, 0.516579112744229, -0.0506256981988558, 0.545287513893697, 0.180023817894991, 0.135633765317329, 0.777598619357496, 0.6243771731967, -0.981059733769419, -0.90105361766231, -0.747967748785376, -0.181574790357414, 0.5754585785677, -0.694780252731769, 0.500674233539344, -0.153244089872224, 0.486155238694584
0.222186762477358, -0.820781985214344, -0.809611022383725, -0.994754845274032, 0.254437011319416, 0.637431902642097, -0.812424687581335, 0.552748244978836, 0.861749762604828, 0.515141187009933, -0.651556234644519, 0.243387898077903, -0.511861022334481, -0.197436114399431, -0.530577504788794, 0.499379312386447, 0.369597046342491, 0.300153193669465, 0.0436689113470115, 0.540813387157774
0.679735496491071, 0.375091009482318, 0.630393660455194, 0.374587678059278, -0.414889369818796, -0.740915225698108, -0.91127629201453, 0.666123269901668, -0.464843056846803, -0.230921553089713, -0.659263713126659, 0.928496784497284, 0.697824351348832, 0.681797449328842, -0.505138978131646, -0.391849184125592, -0.834864539017372, 0.335118894155658, 0.109777899975785, 0.840187595151452
0.204060706870659, -0.902522965288965, 0.773472660115675, -0.62927027401946, -0.0765883946216611, 0.291012984370353, -0.296361461885442, -0.188165460335168, -0.189822673420339, 0.66022045801404, -0.463297850202442, -0.641563325953467, 0.313799449854437, 0.492149001682247, 0.0392793170359356, -0.524308241682271, 0.960630087163593, -0.781430723043825, 0.978117786337676, 0.453149199231132
0.175782425876605, -0.759514657668543, 0.470614127568255, 0.107849375860696, -0.390142885684102, 0.837984743452624, 0.108194152409301, -0.346263981119852, -0.844125898482337, 0.522057345845763, -0.674855001119364, -0.904823608652141, -0.609327051606647, -0.551672579511848, -0.614532886824819, 0.128968257051412, 0.145526061367954, 0.488298551872512, -0.316755265610644, 0.935136700018838
-0.40938127665286, -0.56540090291081, 0.485805212280622, -0.192918785471897, -0.723836053034214, 0.0924968501052339, -0.339127570082959, 0.487575472093921, -0.765458745772698, -0.1022383873827, 0.369786004242388, 0.8705915929147, -0.412018476711595, 0.978268805881156, 0.00141310552200902, -0.601600046084076, -0.728910913564689, 0.432182374145921, -0.404618303014253, -0.00940690329736416
0.231870554961204, -0.457064272583027, 0.455552560023755, -0.774024126014683, -0.429270558724771, 0.103265794507817, -0.0301610608725628, 0.0535023757505708, -0.677294368705384, -0.348963551851438, -0.897236854721437, -0.146192816619851, -0.949290138645698, 0.0574107500991834, 0.355309815777144, 0.766597887392434, -0.935632155246861, 0.32193143447951, -0.761552082263656, -0.434330779795689-0.875866829359842, 0.197550411893777, -0.406039687528293, 0.0357119101265966, -0.580536281494674, 0.73694815753817, 0.938615554915096, 0.18103521092843, 0.2738102065743, 0.116573611794307, -0.162429843639224, 0.320604934972061, -0.132625089554407, -0.749133586766726, -0.282545180657201, -0.820172685114747, 0.172982276963527, 0.944387994680734, -0.869872969514631, 0.0764093627577691
-0.942999235327821, 0.161743032355673, -0.621197269121742, -0.438297850749594, 0.474539492034604, 0.437662314361735, 0.399206231999773, -0.3080746714529, -0.588381569640889, 0.778307716258945, 0.882598510888684, 0.770947722611459, 0.814567726019103, -0.682785358132229, 0.0978760314629767, -0.363999200688675, 0.939698428818815, -0.044275735991204, 0.368619020734271, 0.486325862578268
-0.795131145881084, 0.0923436270525417, 0.341204059003482, 0.63032476773035, 0.725557440764065, 0.714285997540823, 0.982179605393754, 0.560565703343863, 0.719374728258408, -0.204505612703276, 0.99288321099844, -0.811845364892783, 0.000130012165815652, 0.399567524622924, -0.371891324115866, -0.404756106159071, -0.928465101834603, -0.955454242394983, -0.492109698938257, 0.27356565523593
-0.225454650458626, 0.450708348048249, -0.595347204057196, 0.313079013169314, -0.258270641443446, -0.933818682997403, -0.0267032659736943, -0.302237254242523, 0.718259650151366, 0.54276159198152, -0.32699540691776, -0.14927889273934, 0.951868036739467, 0.00879850006140703, -0.404302897585697, 0.318223359677113, 0.906547869512135, -0.852352471953422, 0.407841297522113, -0.814847907896548
0.543156004298085, -0.724252136295779, -0.481309723798795, -0.80496301399775, -0.0866606808671079, 0.412756457651386, -0.470414918600775, 0.541364540132398, 0.917559770828839, -0.717586805912474, -0.251173802302766, -0.527250034514465, 0.616358305148947, 0.15765089595581, 0.351500901091611, 0.428182499216955, 0.812328042375076, -0.0904063131149888, 0.815500052559888, -0.133540479994165
0.745682242208012, 0.116946150137552, -0.677012942580978, -0.995773904023587, 0.488779114321237, 0.705759475801959, -0.364904788027008, 0.686459366086153, 0.944117141861523, -0.140497434484073, -0.0453545260454317, -0.693249866223545, -0.296297448359568, -0.0890465439711914, 0.705244463731183, 0.886629797465461, -0.588022888446237, 0.854487734779011, 0.27391708422169, -0.0357851381580276
-0.385267056238496, 0.0521238981988859, 0.267467632548636, 0.133602120510117, 0.339742863243326, -0.0858952464004491, -0.796985100860235, 0.127829599719415, 0.575465550448497, -0.501465346432042, -0.950196430995221, -0.701602950553225, 0.318774356189544, -0.484443215413225, -0.0533106490286582, -0.927022293176047, 0.79776435708523, 0.702407964366678, -0.88626193715551, 0.106222864755533
-0.00369479740210565, -0.464777337137972, -0.719840145539418, 0.574054064962107, 0.469085296368732, 0.710837657428737, 0.664190027706413, 0.87958286510761, 0.129260584306559, 0.421613885751746, 0.301513249660615, 0.118669351152456, -0.722348552067926, -0.0472673760015832, 0.911875904496701, -0.0759332492369847, -0.404088888971176, -0.431292426507591, -0.850989120943001, -0.341429711012835
0.680818941295528, 0.475222809927176, 0.114962914546469, -0.0071396301533746, -0.695875314854027, -0.0352994143195913, -0.578387060006329, 0.152095890209123, 0.0829643081328666, 0.126525642874896, 0.0442373366301121, -0.999188818037132, -0.0941902553169943, -0.527857043560528, 0.0807773000936849, -0.503209944583108, 0.26797610859758, -0.388880938006975, -0.887078425794411, -0.547371574466755
0.60532604046414, -0.779633661629461, 0.160522608626877, 0.950430429517492, -0.527020970139197, -0.957811956274236, 0.00678712921533142, 0.0269817491187629, 0.143509108174364, 0.118497741929487, 0.306185410034929, -0.124666423129228, -0.892705439539955, 0.323828318772758, -0.583649050250486, 0.105383503765512, -0.358286532274581, 0.169044302389512, 0.743701579861204, -0.376795252494884
0.561974422802205, 0.428465982632928, -0.653543799022932, -0.366109915713831, 0.500054082600425, 0.123881771752556, 0.791655342928905, -0.478074125702527, 0.30566198439601, -0.0175724835216871, 0.00629619183311991, -0.152446956910401, -0.934529765478582, 0.792051688671136, -0.526937911066663, 0.325760747923404, 0.851637137984688, 0.30859875926217, -0.0206882371663527, 0.718657166566074
-0.718631960320581, 0.599355980567334, -0.687486674491077, 0.586820682318332, 0.339836595272569, 0.384164304185735, -0.841438903399482, 0.0907114451242199, -0.736000481870026, -0.599664151482128, -0.839189052506904, -0.161618660745033, -0.773585320344933, 0.339517867816388, 0.331643713326959, 0.214244874759691, 0.447803424414156, 0.784101338956552, -0.942690432044999, -0.417244543981387
0.810692483471098, -0.722632896957282, -0.677734359948772, -0.670766839604251, 0.0346811791112094, 0.516727535760369, -0.555550556422933, -0.573812019812787, 0.835434436721464, 0.530116173219921, 0.0844931253625514, -0.242067913171867, 0.878242283071504, 0.138396043860538, -0.266434408382715, -0.796740465702834, 0.277714267036745, 0.108742730277005, -0.300574157061323, 0.991823768239386
-0.860112455608376, 0.633334837683167, 0.43879982802961, 0.975094143289651, 0.130378849399452, -0.150560788414702, 0.505941339538405, -0.495894521240096, -0.133772313191449, -0.298197756194602, 0.801790579129844, -0.159563745911961, -0.746375130371365, -0.207818300094371, 0.872629614487584, 0.953869423807538, -0.553118969105705, 0.380133658358889, 0.0238575204386644, -0.773452532372182
-0.0182170015844596, -0.626098670822614, 0.763221674488495, 0.991473478261136, -0.347084392489439, -0.874106338189033, -0.775257586396885, -0.935991821780797, -0.0382377361125489, -0.881404501330761, 0.703572540405939, 0.511385932337207, 0.0771357869157268, 0.291385903624532, -0.659557787542957, 0.809941977173994, -0.233973216840054, 0.690649207537365, -0.795042903998421, 0.990596754472049
-0.137185163394169, 0.820523107340803, -0.401986496244551, -0.152076563403046, 0.229718166044782, -0.569933146038062, 0.857205901228453, -0.0442269384135617, 0.376798976853862, 0.447675943117438, 0.3669063203814, 0.506758284525368, -0.649007751442961, -0.245245651921837, 0.891216488504417, 0.554760435388778, -0.294103234677624, -0.078929228279241, 0.609019529823689, 0.807323819867952
0.7614695791907, 0.379017078959857, -0.44425402276416, -0.70191880022265, 0.134604946307188, -0.661781675024788, 0.211700814409042, 0.139200691664219, -0.447312948036619, -0.354080615264401, -0.338706856285551, 0.795081728042607, -0.43962499659491, 0.495884252477383, -0.21641693041493, 0.659113886607398, -0.666489172571566, 0.792110769912652, -0.121654745713647, 0.500464551849507
-0.208024142872553, -0.0113657270611104, -0.184654428243942, 0.258941110809772, 0.786517728020678, 0.465636525054293, 0.138847167202666, -0.732976922641032, -0.910408137324456, 0.694061049117735, -0.797892806957426, 0.561189501341986, 0.375532837293824, -0.389839741117246, -0.144001002956182, -0.243368672785987, -0.1609955100161, 0.488413563691272, 0.907365060368257, -0.895665183614784
0.893054976078242, -0.183171690992625, 0.1332361675488, 0.128083291057536, -0.196227769924434, 0.89915215033067, 0.568043557725867, -0.380036911638471, 0.25638184103015, -0.423063473507326, -0.211479794798177, -0.191728465814017, 0.469661599709495, 0.0324057969415588, -0.156050888428488, 0.466636338954156, 0.629963517016714, 0.516981883680905, -0.822272897615224, 0.956334699856273
-0.933703653483514, 0.0598360193240624, -0.969031213768307, 0.413044114323819, -0.872534684777509, -0.357656989878815, -0.823598600841872, 0.56081363165789, 0.704782943103827, 0.728883692868465, 0.787818786589344, -0.160680935327281, -0.438813814632042, -0.598306003770934, 0.255726026955864, -0.260108814230239, -0.169699117154674, 0.0600868775789098, 0.489464316279378, 0.613386126055096-0.22599308342952, -0.418401209366695, -0.568723822743038, 0.0497567658544318, -0.208491081934651, -0.945432469223362, -0.0294868755291621, -0.982245892278033, -0.270610754038492, -0.235086794586427, -0.703846040043908, -0.0885980264696283, 0.398529688547612, 0.887201142444835, 0.853498109548119, 0.763041949720607, 0.149852477549506, 0.767791964005582, -0.832840587865953, -0.415873822484107
0.0642217067369362, -0.410197567851375, 0.985536774613679, -0.106701654897398, -0.276712507604022, -0.265639789991844, -0.466239765037894, 0.70755197932364, 0.533724979280366, 0.168842770703529, 0.519376801103063, 0.0258124363728858, 0.143278966258876, 0.0451765819663072, 0.674907801521433, -0.81248214459628, -0.794845824034347, -0.650299982936261, -0.938073099562001, 0.389970209165462
0.600477950461431, -0.406586602053878, -0.796093712465881, -0.671190401386093, -0.942486036542098, -0.658285580416343, 0.244021028859551, 0.0465425527871319, -0.593608496521417, -0.333566784548371, 0.746455265091013, -0.978765755881912, 0.336350575711741, -0.417049395580333, -0.244806743806604, -0.660815724945076, 0.541547616730234, -0.328575435713201, 0.0129421656080253, 0.463913893077482
-0.234169316121456, -0.59786647725751, 0.896411841687007, -0.451329212380261, -0.0351482830174027, -0.0406247894468833, -0.687512230913859, 0.643557462675291, -0.772939146390622, 0.358573740980855, -0.889226883598243, -0.212103138310883, 0.868624245686747, 0.390079326643646, -0.931025274065801, 0.834737347361975, -0.797246966416597, -0.529093681615355, 0.128811553646257, 0.125731298292862
0.290769174364754, -0.809318361715096, -0.939147680969512, -0.732725504661317, 0.062507730472138, -0.168947780117834, 0.668298316033696, 0.921335424259927, -0.31307293908348, -0.872817519061648, 0.453113578936604, 0.734253478112749, -0.629354193634053, 0.847789275389067, -0.380078157121352, -0.959305136445586, -0.549249472817988, -0.726075636095403, 0.940834739217923, -0.119686747491214
0.591074704002158, 0.637992703187276, -0.705185559440956, 0.657442071315573, 0.583450639426452, -0.771368516502608, 0.040963670723589, -0.760496778302126, 0.596594541145765, -0.289225845266704, -0.880400377270021, 0.654536346744064, -0.715549952218099, -0.166499189644353, 0.3075742047781, -0.462883079174386, -0.969897954710712, 0.794848247335687, 0.475449025386688, 0.753496155027997
-0.426845496253504, 0.0891277748575097, 0.321051486451668, 0.3383539837498, 0.328876155116072, 0.925035209360083, 0.92173690997145, -0.668131453761892, -0.444215318860586, 0.620532592581833, 0.846727698038671, 0.35131880983306, -0.534098718098411, -0.653928911152263, -0.981295179566972, -0.722921450493355, 0.103442865006366, 0.793942516573678, -0.86884144128712, -0.881913053748157
-0.208766273785739, -0.244224292805523, -0.988179345609704, 0.2323253486456, 0.0397206698729287, 0.22255867031522, -0.539721534373109, 0.718569508622666, -0.931239373949934, -0.873514139034559, 0.626353579399341, -0.960710940864268, -0.691213199725008, -0.229998409389517, 0.219472230979927, -0.82167807958167, 0.529847689685341, 0.505722915523557, -0.643140503039183, -0.599241658858602
0.695409520387374, 0.788794872252641, -0.457795638338568, 0.559229045901088, -0.80148491067881, 0.436600034794118, -0.823739704593895, -0.238659954275312, -0.288167212758291, -0.323147997876232, -0.175387472461624, 0.843623128646809, -0.146917886634785, -0.0692212875323469, 0.211273962264543, 0.200950848497893, -0.135272436372597, -0.0630232491823953, -0.784965565328005, 0.146521280122232
-0.470510797328553, -0.565307684971629, 0.583540367699946, -0.0807290939058778, -0.551323700487299, -0.0974841383739766, -0.236688602360286, -0.940099699394824, -0.892932821946653, -0.657230091121621, 0.301251786435606, 0.983501384958393, 0.189664180944517, -0.0715835686175076, -0.992276025932411, 0.0282065537889518, -0.225865713891511, -0.663549055188684, 0.311827486060479, -0.359709716103836
-0.595380148661966, 0.773498200705973, 0.745806840130038, 0.892785722339892, -0.19427151847364, -0.843730518521616, -0.188512337947503, 0.714318682306595, -0.112805774022269, -0.697950462670042, -0.439066375344557, 0.0561574283317465, -0.0762202027608735, -0.483173566629725, 0.662645747728015, 0.169031090647462, 0.539723563725, 0.948795428475735, 0.973835104132926, -0.214069006598587
0.543445915702472, -0.437198212108201, 0.123803152294738, 0.990505224089373, 0.248271855175622, -0.771891048071855, -0.769172172885934, 0.731853170195526, -0.270413104105002, 0.406241248085276, 0.589525732951949, -0.860222911397099, 0.764484086895587, -0.670691598984735, 0.0984751037780545, 0.0544489571146896, -0.37223048665199, -0.913170772564211, 0.982826398677577, 0.31368069225628
0.465135664430044, 0.49891402269663, -0.826657201082752, -0.0951923202235216, 0.341974645546626, 0.625803354953324, 0.497671608579192, -0.406339464432718, 0.814619157376987, 0.876494888158746, -0.529905443792187, 0.502878185130133, -0.784523382682597, -0.928304603289955, 0.0529005560338967, -0.296885644689615, -0.0383478584877904, -0.458394879223031, 0.661527503124218, -0.297782815665837
-0.924684454651868, 0.373976150236081, -0.660779762855163, -0.903307991057312, 0.134538080140268, -0.786216555063714, 0.153202081636154, -0.0416602897651774, 0.933736778764863, -0.29155895919146, 0.227366840107072, -0.197387306577241, -0.0549859577114629, 0.853177009082016, -0.754403648783641, 0.924224347772181, 0.878907838779924, 0.490343044274646, -0.354740332511598, 0.798873159940761
-0.909091846975075, 0.328632471770343, 0.52593667596855, 0.886917064845058, 0.796942642795361, 0.192960669842065, 0.190203037667183, -0.955659061649656, -0.626855642361034, 0.633302101694654, -0.0519005269985183, -0.749449794995342, -0.447619052346618, -0.80206735422931, -0.511445570509623, 0.123423683048889, -0.537493140221337, -0.710417738980808, -0.5462672838691, -0.557507754097463
0.424639645695984, -0.210316803869939, -0.635975561866525, -0.0343400011930335, 0.609249140885309, -0.31168891550586, -0.671276172469964, -0.738041149330345, 0.735954580705592, -0.436578051856057, -0.402722962853835, -0.0440082368645855, 0.949730095430152, -0.557658796924007, -0.0993101685770369, 0.323036198189033, 0.00234700599794602, -0.00764435110969675, 0.935451867028816, -0.356948077379236
0.950968336291131, -0.034949146693083, 0.977212940332113, -0.608493549566946, -0.208019849475482, 0.797234085294061, 0.381833566064869, 0.999303380958412, -0.826760000468586, -0.694964418045694, 0.938140994840367, -0.0777876838472614, -0.400449611898721, -0.862372943136083, 0.0790971615720062, 0.231798551618959, -0.583975241325784, 0.520445089563935, -0.559892085175911, 0.274322184396126
-0.752610079828934, 0.901786975516838, -0.384935550105262, 0.207968551296726, 0.135296625613839, -0.478163175973186, 0.115238247027266, 0.966077848321794, -0.294987095191603, -0.810913218097255, -0.431367935348008, -0.902722097887994, 0.903699758417765, -0.336166072327721, -0.165374481661885, 0.142128503481917, -0.260414590714692, 0.393025126025558, -0.752324768226745, -0.426349195384583
-0.737511119683046, 0.580916922344322, 0.119800145327952, -0.0225193468027373, -0.158425511400413, 0.728031754367068, 0.551282497845256, -0.277762682772131, 0.454524089328257, -0.36781742580599, -0.276237100957072, -0.417654658396568, 0.989019154565883, -0.248871995717693, 0.670691422033446, -0.45749157083104, 0.180668926416276, -0.477796662355678, 0.44117478162105, -8.8580418419415e-05
0.733986185739742, -0.339539627237031, 0.766007811653431, -0.0662891879055133, -0.648790803574394, 0.995749174615251, -0.181566400072335, -0.824436323635483, -0.0654199538125749, 0.0168683691960148, -0.385007003035865, 0.746824843691115, -0.556826484183234, -0.00929082977086815, -0.990124125960341, -0.556927487047821, 0.616975607172109, -0.614827347739985, 0.377084665641694, 0.489356619068122-0.358174329324707, 0.968528022043653, -0.88248261897009, -0.350817259098784, -0.890650620633108, 0.976763180446235, -0.706717821632846, -0.712757265061493, 0.127100969258277, 0.65797620157617, 0.9228124748556, 0.71778928289087, 0.292225088594586, 0.269055549646288, 0.71937261695013, 0.733844804453591, -0.0293251085231663, -0.104872962043096, -0.941920979852751, -0.153009912536018
-0.619394765058251, 0.0750717879622578, -0.972237785333878, 0.404874906598066, 0.370346549605181, 0.479200521241501, 0.715955374630147, 0.172575011464104, 0.233910726957913, -0.824165520176369, 0.90186030878772, -0.366396916735171, 0.607340560111841, -0.547038691838756, -0.658125272792822, 0.114558661875575, 0.689333703224237, -0.997348546049254, -0.919314607008972, 0.718483338001409
0.113810790290037, 0.272564053196723, 0.244423162771586, -0.315296739020989, -0.00103710731539741, 0.102829437285117, -0.385935046424128, 0.659434448769053, 0.609950481732353, 0.168263966761652, 0.959331534783976, 0.305535875868767, -0.196853421254481, -0.881015276480939, -0.34543499971993, 0.0470117102596033, -0.153581363686165, -0.738315737684404, -0.0175198395818099, -0.7178975565908
0.344042855940779, -0.717869330066195, -0.921729898043782, -0.899491213215278, -0.518676800429205, -0.17955636008622, 0.502590095392703, 0.83595707632413, -0.530628203195812, 0.861446824791584, 0.574005384731109, 0.155796621533016, -0.0211515403451172, 0.775495346531037, 0.999000797979068, -0.0935485675435274, 0.972470404567416, 0.411519382806271, 0.891519911536723, -0.0897109830238442
-0.820521606048812, 0.975184451777108, -0.556897571104065, -0.0523909372521523, 0.94211588797258, 0.999260970390989, -0.0441139373202407, -0.323601388057508, -0.612642213521824, 0.356541929466902, 0.839737323038158, 0.253145308817339, -0.0606485163144062, 0.848194232139827, -0.166822743214119, 0.135841819986627, 0.884775886258472, 0.237424480373703, 0.181265596850433, 0.949986508092837
0.556303036192573, 0.156012492792687, -0.193138913807058, 0.8281196671669, 0.101378251379998, -0.742752229675069, -0.956403339261377, 0.31980214608824, 0.611598896613158, -0.227212446381903, 0.803005183955191, -0.0611731433594475, 0.296035740196722, 0.998824015259195, -0.662120686686654, 0.098345469263543, -0.10667509450888, 0.151750662900391, -0.315319963412043, -0.201160912029986
0.987094778561543, 0.476046570332743, 0.658029015016756, 0.731313227550738, -0.171518529379516, -0.892773471722739, 0.659507074234778, 0.326787303819688, 0.81090359567241, 0.0208035097554342, 0.90159690654911, -0.0188382533466621, -0.977986240749241, -0.878327534477379, 0.531774286894023, 0.0184095441449479, -0.17753985206482, -0.238911016489803, -0.139197378018497, -0.141636168184521
0.453800578347314, -0.37120673124269, -0.215641624860299, -0.95335374584112, 0.669897718201344, 0.326182505733418, -0.976063582103729, 0.281600463800878, 0.798052617254692, -0.419153961082526, 0.0974164833768347, 0.484286430051684, 0.0441499618087662, 0.0464323382109555, -0.736693357926185, -0.546839281705599, -0.920957916379421, -0.189923179889993, 0.380191269973382, 0.0748145827440614
-0.870046160123332, 0.157547879571816, 0.851756668580583, -0.0413691499463139, -0.320159819591865, 0.0696951193128224, 0.204441596383435, 0.808651314959233, 0.720473839771223, -0.96318178529068, -0.0265338639852283, -0.616978567846575, -0.190271590459287, 0.780260212617116, 0.00235537393128293, 0.171692987518242, 0.0619036411223484, 0.573591349447887, 0.405289456902672, -0.861964121396637
-0.0129938018568763, 0.0707208118730787, 0.296902032241645, -0.184081755198576, 0.804433010427483, -0.821632208219558, 0.863070308167055, -0.512484751414733, -0.521382101588595, -0.795903387384444, 0.510788891236665, -0.395420510971649, 0.646025098695431, 0.565266068822363, -0.451165795070662, -0.825482382357811, -0.2811177704861, -0.626034773712063, -0.716753950210639, -0.114519269724618
-0.0568428025845638, -0.571076633208933, 0.299205286101999, 0.275637287309224, -0.444772571998077, -0.495139292206214, -0.949382376833531, -0.433357504863924, -0.721557433587293, 0.00959174475147928, -0.8362530431879, 0.435901390125929, 0.185766653709936, 0.218136580296856, -0.923542540484826, -0.419791973857112, -0.946431506400197, 0.385084533777593, -0.249190071248072, 0.261546298517634
-0.984567869447436, 0.799373551178432, 0.820284689692913, 0.0761482320149187, 0.329022921309351, 0.179044498679715, 0.181204775898347, -0.898066507604935, -0.992283426221592, 0.163919183967597, -0.368557663340381, -0.694166093922298, -0.472482307568417, 0.0724853002803798, -0.728589077353752, -0.10893439646295, -0.204251555355383, -0.455733760006602, -0.699583505140424, -0.803885100318065
0.96075272185763, 0.451326046814828, -0.628026180727419, -0.156319539601132, 0.209307917025549, 0.548714341385623, 0.342270828477233, -0.796529377715909, 0.651192910806832, 0.438007339573469, 0.686623371991619, -0.493560203115251, -0.720371818971062, 0.172606628934204, 0.00179551309058223, -0.483607655150633, 0.833440891389475, -0.936701071419148, -0.714102495328571, -0.0338338767335908
-0.58465978670151, 0.542734157081104, -0.428230661632601, -0.479939550850512, 0.239930688980935, 0.503823600478388, 0.153447060451585, 0.180707448711948, 0.93787701518176, -0.38045777444749, 0.332010924505075, 0.395232923978583, -0.508697470421296, -0.978716841888948, -0.804557816965765, 0.234773026422957, 0.100580203859406, -0.768496830839895, 0.0124941919988459, -0.755973541995498
0.562437923421356, 0.143416406187888, -0.897584641304605, 0.154418333971136, 0.429531708094073, 0.66036769825051, -0.998351585119195, 0.604523587787768, 0.843673650102538, 0.633290980771785, -0.50711083948012, 0.879839291740134, 0.683314313964599, -0.94866624099606, -0.953093730822715, -0.109933599415204, 0.70219987710109, -0.483263356370508, 0.711935877665848, -0.912365189712665
0.579758912129215, 0.630804440766016, -0.652841728950311, 0.286782889294803, -0.843083021157925, 0.49083022842688, 0.341531798868222, 0.159356685895173, -0.672408478181999, 0.825365126051644, 0.0431653005271988, -0.653822880077093, 0.532773489846277, -0.888041888311525, -0.150010255700913, 0.349569601635248, -0.0307172895552206, 0.948074815770646, 0.523321985045132, -0.852568279883158
-0.658744053756233, 0.0990371923423545, 0.727781831160086, 0.32692153534243, 0.0680503552165117, -0.394798148141614, 0.410694830776516, 0.224304110381894, 0.257679160338677, -0.768858878765655, -0.89520152280815, 0.198238107002451, 0.430129386219256, 0.317318898307774, -0.80573380170657, 0.572652339736303, -0.801074327808374, 0.124828075582547, -0.835755146032085, -0.0712935054075409
0.0448955823876409, 0.130511183818109, 0.57846192995946, -0.187552651943431, 0.160844934713489, -0.511150832060329, -0.891125056841935, 0.264030661091223, 0.170460952990903, 0.444194576444195, 0.513692670275314, 0.781436197357921, -0.335523939382063, -0.926652481745301, -0.831421265300094, -0.578159313452504, -0.279390579685285, 0.339196791564672, -0.526975138823956, -0.0515625677311619
0.638873018156212, 0.0846050181820082, -0.024048460193001, -0.928858736496819, -0.796436766067723, 0.160727945696902, -0.332285696329682, 0.183293103791444, 0.609191985618878, 0.623417742375013, 0.624011339444672, 0.443593603299741, 0.0170599189666378, 0.156108073497241, 0.896422082510042, 0.612876243709063, 0.422443428739181, -0.972883101540097, -0.666601195776184, 0.527622990090225
-0.485153089037702, 0.228991032219022, -0.114670289268098, 0.17867820299169, -0.973318794729802, 0.285042032266521, -0.519610050841984, -0.571254294165994, 0.0663304743665878, 0.951614961005568, -0.85838330809883, -0.8282957579141, 0.813150818372681, -0.872952692151513, 0.974526410910546, -0.424992286332414, 0.370618659709868, -0.813268284226427, 0.737836204347124, -0.666004049436191-0.679503150135047, -0.191358062062114, -0.633000766687561, 0.707998311942442, 0.517937280013197, 0.868956874995007, 0.963274964114313, -0.206432023647443, -0.46676025980467, 0.908735277088701, 0.466355069291943, 0.736950329382415, -0.71993324426931, 0.351830083575021, 0.565065255186085, 0.526273343491495, 0.489682972193548, -0.674175306071609, -0.0623657354444106, 0.878587070795981
0.379132501491873, 0.179257842329916, 0.501803194872012, -0.773274601331574, 0.816207847472377, 0.994902954434465, 0.772231599209938, -0.913555086550096, -0.948293884260717, 0.104773669086757, -0.782354574549177, 0.0240151095315884, 0.956458819078495, 0.0316381980812355, 0.328486486956704, 0.120352896452114, -0.974339133116575, -0.760072333626483, -0.125219759123968, -0.488342985272567
-0.391899522110773, -0.647641371771526, 0.164168420789842, 0.904615038961458, -0.378111166589945, -0.47100061526103, 0.511333970125454, -0.83643459521068, -0.202604897880277, -0.920505009554562, -0.0168585754078154, -0.317476698810922, -0.308998118764254, -0.0856971866850262, 0.693264224423684, 0.31890453832173, 0.92368634600364, -0.486215001664225, -0.121324151345214, 0.344355981491672
0.286662973131362, 0.901427052869195, 0.607149834561697, -0.851084310492074, -0.178327658762377, -0.800306114275151, 0.856197887033316, -0.596202960981151, 0.339714743820817, 0.391069304845794, 0.134778168580857, -0.766984067748759, -0.403504863103621, -0.24197789432573, -0.195693290417871, 0.304798329856618, -0.0506973159735544, -0.436706268897609, -0.107910845944616, 0.950079957000017
0.623158959496375, -0.345631546036169, 0.0220770449480401, -0.82487039352994, 0.743261049382044, -0.733347304972516, 0.496262958038721, 0.62564291601332, -0.442281582133044, -0.0619292208281947, -0.30289038517647, -0.51880672924165, 0.0316702001875593, 0.143177740808193, -0.454492760568155, 0.649705816828509, -0.733937464530551, -0.224026317346853, -0.32942528060145, -0.844064166696772
-0.304264711823438, -0.0709890839974345, 0.557605610954392, 0.87580189754991, -0.676096404751808, 0.784231901068348, -0.661634999169798, 0.680866987295853, -0.755566079055688, 0.876912265958689, 0.424487122066546, -0.845942257831778, 0.613926431915689, 0.553870674946285, -0.430252242568066, -0.182250850453158, -0.233430221319865, 0.0507450211098162, -0.819475524974743, 0.895788116332045
0.434094693248204, -0.0558013269006281, -0.861772455210692, -0.787007973430216, -0.220224143574119, 0.552507942334054, 0.924250416422379, 0.757287151067186, -0.587157558457534, -0.630333710289716, -0.571155817048231, 0.286799954849668, 0.850994297233873, -0.138676258334274, -0.475258564332155, -0.885006483590699, 0.552100136667537, 0.346270007708236, -0.503750139616313, -0.71236462225782
-0.448134546842489, -0.0716818473635622, -0.111300782818022, -0.18073089662042, -0.400674832705723, -0.903991954356428, 0.0960962134860903, 0.488744513824929, -0.152037379868346, 0.109732890087056, -0.142559209439233, -0.817194647070577, 0.983793848186635, -0.320795595329625, 0.916585735937853, 0.792985169120592, -0.939665121929564, 0.88176745636471, 0.284118348399232, -0.433215568509519
0.644172721376723, -0.635972964407864, -0.00805422803762101, 0.281083448455242, -0.0298829698142982, 0.177691961255712, 0.378388059036056, 0.977944426228266, 0.243980683034277, 0.598579956962997, 0.623119970608093, -0.961565375310167, -0.0934827276940843, -0.377717280470634, -0.266968755641472, -0.832411941994173, -0.52922304604632, -0.887553522310943, 0.597366618736352, 0.999320386908632
-0.0382823175928939, 0.061784877004933, -0.87552278110549, -0.171066183210847, 0.666197525181899, 0.794021216125237, -0.188427950808978, 0.710102429478477, 0.581978186770332, -0.555640511939135, 0.211654712078932, 0.188546596648426, -0.784773654204222, 0.822066169149273, -0.572018485317015, -0.0910174488513812, -0.165898006020998, -0.954167980679389, 0.893395735832581, -0.314474322513898
-0.114138595347357, 0.34030373084373, 0.574694574612516, 0.1075813207345, 0.819416320798647, -0.0826908308466388, 0.977012917388702, -0.678036859109084, -0.684101216347935, -0.340216940892961, -0.0042836084050516, 0.128398119066096, -0.465502547782614, 0.838351040071971, 0.32609885527105, -0.157218208144055, -0.523110058867889, 0.720592474434801, -0.934749966456904, 0.448409983631414
-0.124143796565078, -0.315476114542911, 0.800587710831588, 0.648082681767681, -0.321884657871856, -0.304370758731091, 0.24734493309974, 0.941219389411257, -0.962451341544488, -0.868180302841673, 0.531855246765472, 0.504789693981777, -0.356532399242992, -0.0976505247399446, -0.915138672066451, 0.732653313191912, 0.997050297445175, 0.602129450813927, 0.923191312664743, -0.0630453494671012
0.240150601249258, -0.559082622434517, 0.303735062155749, -0.669262988338835, 0.892922923850325, 0.610229062666292, -0.193524996374513, 0.482334027757092, 0.668423100220237, -0.503934396199851, -0.683571619765634, 0.406192022099249, 0.239241455327366, 0.778524987296446, 0.45961971276422, -0.762530962826, 0.954454890431117, -0.928507113795964, -0.866676597793902, 0.560305919293457
0.520273850076028, 0.948404208732957, 0.92705320284099, -0.728250259406981, 0.724031359760105, 0.539198002563416, -0.493987697872328, 0.833297111016371, -0.520535811558615, 0.457178162158084, 0.0752113820403868, -0.888460457273042, 0.217020753406464, -0.470647079623606, -0.759598331413976, -0.463953983720371, 0.795794479453841, 0.644278819507118, -0.420964967189806, -0.6729141677138
-0.60656280983545, 0.971186858588451, 0.70201476276946, 0.255232516329378, -0.17296896836393, 0.517301582506533, 0.447038819755911, 0.797417275513251, -0.558654302525639, 0.471534440979145, -0.0770754493200572, -0.360432138368689, -0.123516466991751, 0.498844612156434, -0.157116566392182, -0.463039978157282, 0.301848627301794, -0.44856786609095, -0.513514957164188, 0.829043804588282
-0.468922289772389, -0.935923662938142, 0.958103516119581, 0.352814056609205, -0.931947470610937, 0.353490112048336, 0.0731276986529714, -0.0214030142041869, 0.294066015302234, 0.0537840216671042, 0.254499160337494, -0.896698364008543, 0.720434726085716, -0.189804813447317, -0.397202547358909, -0.217023723394155, 0.604160707259626, -0.662444578326514, -0.090702915140755, -0.769119362239316
0.866622173165261, -0.355860503090481, -0.143935882087767, 0.82935535154741, 0.599833256378692, 0.863101597811608, -0.709755797735302, -0.82833788908475, -0.839668824262763, 0.701612083102396, -0.047876352000924, 0.536026664793504, 0.371078495574686, -0.85672064863924, 0.794272343532309, 0.105793773711563, -0.38645637193064, -0.589151401812747, 0.62978005392001, -0.492389692688542
0.43434016193931, 0.405281551836655, -0.353786565062491, 0.393460061118687, 0.0400230582058536, -0.702922561067586, -0.000453238841357284, 0.72166769193563, -0.801367152389776, 0.884376883452934, 0.292590840390227, 0.0684120445830803, -0.836716513073406, 0.349838908458985, 0.704207175273545, 0.0617014575105632, 0.416842143711095, -0.896467729423413, 0.83275505147537, -0.674706335028031
0.986249675036524, -0.384058209780631, -0.113578332175304, -0.758486727140139, -0.112678366300034, 0.952815279342614, 0.169135744296543, -0.925306801649419, -0.217189471804159, 0.901746642730081, -0.635767950506773, -0.0392575734477758, 0.903240079946462, -0.206010965260682, 0.282001857311466, -0.300437988387625, 0.397145875448895, -0.602109700256078, -0.208935458776045, 0.514998986159916
-0.314004643500785, -0.71168778264508, 0.220091153504369, -0.178698876490211, -0.119083296097388, -0.16678137200269, 0.467936164451733, 0.550050169951306, -0.861724398965819, -0.0544072347946498, -0.44929639596925, 0.159146634470274, 0.409513120264519, 0.049796623666676, -0.583444937869648, 0.838825018070091, -0.218868313924814, -0.118374447859067, 0.742226531609067, -0.895023073952190.149236413254047, 0.746433757127465, -0.314530225151465, -0.348282150620726, -0.643372249623468, 0.990597354243788, -0.954810365082142, 0.157753565887806, -0.209439684268758, -0.722839785610717, -0.0876970603539129, -0.56428336238688, -0.342810941554052, -0.731059919917518, -0.0889612208534782, -0.944334542352862, -0.686676463897655, -0.971299099722551, 0.224826470587787, 0.957559302429463
-0.264838308684918, 0.515309771297178, 0.359285987615253, 0.90191843635492, 0.0496384487718522, 0.47232347329721, -0.670471130716834, 0.277025734669075, 0.699700835952396, 0.50074897869525, -0.502499706811504, 0.978349753645412, 0.796955224032027, 0.0320909856968052, 0.407337547003914, 0.108136855581839, 0.943566685516185, -0.690165120032693, 0.522366667875259, 0.0248443442512509
0.707709770513563, -0.208939989660373, 0.120393463932161, 0.614133868186797, -0.325584550074108, 0.793940352180014, -0.602134973556797, 0.148815222619481, 0.535230201452612, 0.182624291247979, -0.860079744765572, -0.96756219117323, -0.619376242914878, -0.494230079229097, 0.754995808822567, -0.365137886891671, -0.271118293176926, 0.809316690922397, 0.0896689058699034, 0.294226508258947
-0.290457668383819, -0.6895348009139, -0.278859249911671, 0.704063724588633, -0.227947567230066, -0.147008305949629, 0.494313769738336, -0.810304388315559, -0.538621244737236, 0.520599013902526, 0.484194917364137, 0.783634572189131, 0.161630467121317, -0.816271023739256, -0.892897817256347, 0.172273243392014, 0.0417030831061784, -0.709870054251454, -0.118519754669871, 0.556386339271621
0.0622475236012823, -0.609043611031512, 0.062288982357033, 0.542774447958346, 0.685708327072537, -0.647242205984538, -0.733372339854656, -0.58144433683783, -0.424209602840342, -0.129686889764707, -0.56612989193114, -0.18939895703895, 0.989270155313085, -0.378419707239801, -0.728827413976578, -0.559956528041492, 0.560374516789045, -0.631439592517651, 0.65858755710469, 0.789302137582238
0.536753574170523, -0.0328646316346082, 0.553142905027207, -0.0962412837409606, 0.978516640131602, -0.665642588243653, 0.0666969050963861, -0.931634345060044, 0.933005155032969, 0.288477288227751, -0.404175444228656, 0.164919516614135, -0.862542175623841, 0.684623990061052, -0.100695618009519, 0.791802256271151, -0.0674933777505036, -0.687414965446766, 0.986127124161519, 0.578873135884699
-0.0595770296918121, 0.0304324762106094, -0.083904221227348, 0.818657123399273, 0.578433505063147, -0.222324983786012, -0.513787648414163, -0.0926540154463863, -0.515045011190253, 0.0306654726297899, -0.525357441755644, 0.707342902993477, -0.46361501396802, -0.467612019492133, -0.886233370698166, -0.721848816481349, -0.608337077129789, -0.177268421825612, -0.0218225070376985, -0.284412107097177
0.569857831844062, 0.162391122971844, 0.279945259578501, -0.279615966267705, 0.288913573738613, -0.213664979307756, 0.107485167266561, 0.538602232718189, 0.786237370123266, 0.306574146871722, -0.561394422110819, 0.575857486378335, 0.470062374821893, -0.193105843473741, -0.700072857411612, 0.909407914573982, -0.138193661877044, 0.326590317919194, 0.586610701673949, 0.486266551300076
0.862047239142492, 0.430846104133337, 0.247202233992146, 0.133806535570792, -0.686949695314723, 0.790870250105332, 0.55418590621752, -0.433650407676422, 0.108455122964669, 0.880542637724682, 0.959074840861873, -0.217643787720075, -0.0750426357030136, 0.338120617595557, 0.750955859083196, 0.485127383603308, 0.668519517252464, -0.0703799906514492, 0.160736525971785, -0.744817313619339
-0.544578044463218, -0.682815816105723, -0.0998850879724533, 0.503108353122654, 0.547205698465559, 0.982303597956106, -0.801505033765689, -0.0860900697699236, 0.294866243980297, 0.648217098623615, 0.00369243091144256, 0.41728860392109, 0.217713650883042, 0.319652562644171, 0.696288562238351, -0.145908500601495, -0.451483080839498, 0.655260352257295, -0.0157173466941888, -0.263404216274342
0.674834757891872, 0.933146242952508, 0.845009867961057, 0.760040858648736, -0.677035076393297, -0.532885520501475, 0.0821492099585706, -0.0283008949031592, -0.212445407739117, 0.297021088794349, 0.00969064096440131, 0.449569052760289, -0.168602768875939, -0.0487171407084526, 0.111037911433278, -0.696270280376203, 0.501358776121102, -0.96442391442341, -0.000238771084807188, -0.148249517729622
-0.91926336098428, -0.419917482612616, -0.00636400981171248, 0.819276310419327, -0.0352318459354489, -0.852502000449459, 0.544783259529985, -0.388460771827242, -0.733791311147526, -0.328897047475398, -0.763764945680166, 0.694659152857335, 0.360674002841429, 0.995309676041505, -0.980104061765645, -0.603833838181493, 0.724184974899602, 0.242943545450896, 0.189437426249235, 0.480009157899771
-0.964329024760206, 0.0523458752093584, -0.584575317606598, -0.137605660193416, 0.449124134820478, 0.0319420457966355, 0.670818440462844, 0.243438799513243, -0.42810802228195, 0.347917934576011, -0.49555859132463, 0.914788897109585, 0.196063404528454, 0.116607785744876, -0.271620452996167, -0.738570954528903, 0.656653775673664, 0.59882703777348, 0.294117534204441, -0.741037549330405
0.703002995673103, 0.640856012534749, -0.363930121699316, -0.119565678350425, 0.937098791793501, 0.141529929424417, -0.123910438792738, 0.369564132471366, 0.936369815811687, -0.167748710684361, -0.807685068718942, 0.589489307994717, -0.13616496004917, 0.331906617307992, 0.616807832204182, -0.941274472484959, -0.86377911077057, -0.235542207600336, -0.190922081093733, 0.941419389071604
-0.567250558904955, 0.289624849003565, 0.30410119020571, -0.459582940423667, -0.331168122278139, -0.0804495667482026, -0.602225047350966, -0.894147003020228, -0.544095699463084, 0.132481707787365, 0.75683406822236, 0.178854069290149, 0.144308574099237, 0.1569401422315, -0.7963750855049, -0.49673165543784, -0.103541781708385, -0.715353372374248, 0.479567372929103, -0.638510597701422
-0.805044972246999, -0.885406601189359, -0.193618928638109, 0.924683323094939, -0.00810141815249876, -0.282349627130828, -0.976423766453016, 0.510066459658587, -0.00955235911978047, 0.923708331735669, 0.374754518910662, -0.651340995752877, -0.993335553441819, 0.10587794105796, 0.349959840695355, -0.467398368505481, -0.90330275329915, 0.159201553631202, 0.662677941686789, 0.917550007774285
-0.782343723709855, 0.177609585773949, 0.603205246666076, -0.566422774254541, -0.159142492878783, 0.120046568624697, 0.210446972963608, -0.563738963363571, -0.99526453017968, -0.234743556582715, 0.480792220440131, -0.814686137165262, -0.971245444366357, 0.469364441684151, 0.301431821333911, -0.0419700904944772, 0.928023145500581, 0.696964414649161, 0.121662954390823, 0.9275465123018
0.694059328964939, -0.76995218161957, -0.665466334515003, 0.456512838348985, -0.512510998878866, -0.502016062616378, 0.175449968863022, -0.407934651434391, 0.363250285090529, 0.617436696597113, -0.212500460079173, 0.653496627534505, -0.148348522907285, 0.69332512826348, -0.263987104997033, -0.382965026136006, 0.174609401810267, -0.323690448572715, -0.697701049827831, 0.339666895260879
0.984019134186217, 0.684451230654703, 0.968772194333734, 0.204628581742117, 0.712282615579796, -0.993436054323537, -0.190088745760773, -0.382448374006175, -0.470950127332914, 0.709945700927612, -0.318671335148938, -0.212735417863697, 0.582521932936517, -0.424059685051469, -0.843146003709708, -0.167471225917093, -0.99389483965649, -0.978992109177165, -0.0107317413253392, 0.504160708516911
-0.434935391617443, 0.0396568249164413, 0.0340513507994131, 0.680779459737604, 0.974664042692009, 0.433096873309974, 0.00131722306894, 0.99044694285395, -0.428914936924779, 0.873711567313276, 0.36133485723349, -0.855611297234712, -0.188889231155109, -0.605678194018862, -0.360447562001854, -0.291014231411281, 0.413150528172567, 0.365483931901624, -0.948717037191948, 0.0882830373422629